year,course,age_group,gender,relay_count,distance,stroke,basetime,basetime_in_sec
2008,S,SCM,M,1,50,FREE,21.10,21.10
2008,S,SCM,M,1,100,FREE,46.45,46.45
2008,S,SCM,M,1,200,FREE,1:42.47,102.47
2008,S,SCM,M,1,400,FREE,3:37.85,217.85
2008,S,SCM,M,1,800,FREE,7:36.85,456.85
2008,S,SCM,M,1,1500,FREE,14:27.07,867.07
2008,S,SCM,M,1,50,BACK,23.46,23.46
2008,S,SCM,M,1,100,BACK,50.47,50.47
2008,S,SCM,M,1,200,BACK,1:50.18,110.18
2008,S,SCM,M,1,50,BREAST,26.56,26.56
2008,S,SCM,M,1,100,BREAST,57.82,57.82
2008,S,SCM,M,1,200,BREAST,2:05.13,125.13
2008,S,SCM,M,1,50,FLY,22.79,22.79
2008,S,SCM,M,1,100,FLY,50.20,50.20
2008,S,SCM,M,1,200,FLY,1:51.38,111.38
2008,S,SCM,M,1,100,MEDLEY,52.23,52.23
2008,S,SCM,M,1,200,MEDLEY,1:53.86,113.86
2008,S,SCM,M,1,400,MEDLEY,4:02.85,242.85
2008,S,SCM,M,4,50,FREE,1:26.74,86.74
2008,S,SCM,M,4,100,FREE,3:10.40,190.40
2008,S,SCM,M,4,200,FREE,7:02.46,422.46
2008,S,SCM,M,4,50,MEDLEY,1:34.75,94.75
2008,S,SCM,M,4,100,MEDLEY,3:28.00,208.00
2008,S,SCM,F,1,50,FREE,23.81,23.81
2008,S,SCM,F,1,100,FREE,52.42,52.42
2008,S,SCM,F,1,200,FREE,1:54.05,114.05
2008,S,SCM,F,1,400,FREE,3:59.87,239.87
2008,S,SCM,F,1,800,FREE,8:11.55,491.55
2008,S,SCM,F,1,1500,FREE,15:48.47,948.47
2008,S,SCM,F,1,50,BACK,26.82,26.82
2008,S,SCM,F,1,100,BACK,57.50,57.50
2008,S,SCM,F,1,200,BACK,2:03.62,123.62
2008,S,SCM,F,1,50,BREAST,30.07,30.07
2008,S,SCM,F,1,100,BREAST,1:04.93,64.93
2008,S,SCM,F,1,200,BREAST,2:19.52,139.52
2008,S,SCM,F,1,50,FLY,25.55,25.55
2008,S,SCM,F,1,100,FLY,56.41,56.41
2008,S,SCM,F,1,200,FLY,2:04.13,124.13
2008,S,SCM,F,1,100,MEDLEY,59.75,59.75
2008,S,SCM,F,1,200,MEDLEY,2:08.19,128.19
2008,S,SCM,F,1,400,MEDLEY,4:29.03,269.03
2008,S,SCM,F,4,50,FREE,1:37.85,97.85
2008,S,SCM,F,4,100,FREE,3:35.62,215.62
2008,S,SCM,F,4,200,FREE,7:48.30,468.30
2008,S,SCM,F,4,50,MEDLEY,1:47.25,107.25
2008,S,SCM,F,4,100,MEDLEY,3:56.35,236.35
2008,S,LCM,M,1,50,FREE,21.49,21.49
2008,S,LCM,M,1,100,FREE,47.56,47.56
2008,S,LCM,M,1,200,FREE,1:45.07,105.07
2008,S,LCM,M,1,400,FREE,3:42.68,222.68
2008,S,LCM,M,1,800,FREE,7:45.63,465.63
2008,S,LCM,M,1,1500,FREE,14:42.75,882.75
2008,S,LCM,M,1,5000,FREE,55:16.56,3316.56
2008,S,LCM,M,1,50,BACK,24.86,24.86
2008,S,LCM,M,1,100,BACK,52.98,52.98
2008,S,LCM,M,1,200,BACK,1:55.28,115.28
2008,S,LCM,M,1,50,BREAST,27.42,27.42
2008,S,LCM,M,1,100,BREAST,59.60,59.60
2008,S,LCM,M,1,200,BREAST,2:08.80,128.80
2008,S,LCM,M,1,50,FLY,23.33,23.33
2008,S,LCM,M,1,100,FLY,51.03,51.03
2008,S,LCM,M,1,200,FLY,1:53.79,113.79
2008,S,LCM,M,1,200,MEDLEY,1:57.22,117.22
2008,S,LCM,M,1,400,MEDLEY,4:09.28,249.28
2008,S,LCM,M,4,100,FREE,3:11.60,191.60
2008,S,LCM,M,4,200,FREE,7:06.73,426.73
2008,S,LCM,M,4,100,MEDLEY,3:32.59,212.59
2008,S,LCM,M,4,50,FREE,1:26.92,86.92
2008,S,LCM,M,4,50,MEDLEY,1:36.44,96.44
2008,S,LCM,F,1,50,FREE,24.21,24.21
2008,S,LCM,F,1,100,FREE,53.44,53.44
2008,S,LCM,F,1,200,FREE,1:55.73,115.73
2008,S,LCM,F,1,400,FREE,4:03.13,243.13
2008,S,LCM,F,1,800,FREE,8:18.82,498.82
2008,S,LCM,F,1,1500,FREE,15:56.73,956.73
2008,S,LCM,F,1,50,BACK,28.00,28.00
2008,S,LCM,F,1,100,BACK,59.19,59.19
2008,S,LCM,F,1,200,BACK,2:06.95,126.95
2008,S,LCM,F,1,50,BREAST,30.66,30.66
2008,S,LCM,F,1,100,BREAST,1:06.37,66.37
2008,S,LCM,F,1,200,BREAST,2:22.74,142.74
2008,S,LCM,F,1,50,FLY,25.86,25.86
2008,S,LCM,F,1,100,FLY,57.21,57.21
2008,S,LCM,F,1,200,FLY,2:05.64,125.64
2008,S,LCM,F,1,200,MEDLEY,2:09.97,129.97
2008,S,LCM,F,1,400,MEDLEY,4:32.99,272.99
2008,S,LCM,F,4,100,FREE,3:36.65,216.65
2008,S,LCM,F,4,200,FREE,7:50.44,470.44
2008,S,LCM,F,4,100,MEDLEY,3:58.37,238.37
2008,S,LCM,F,1,5000,FREE,59:07.50,3547.50
2008,S,LCM,F,4,50,FREE,1:38.28,98.28
2008,S,LCM,F,4,50,MEDLEY,1:48.13,108.13
2009,S,SCM,M,1,50,FREE,20.86,20.86
2009,S,SCM,M,1,100,FREE,46.04,46.04
2009,S,SCM,M,1,200,FREE,1:42.16,102.16
2009,S,SCM,M,1,400,FREE,3:36.11,216.11
2009,S,SCM,M,1,800,FREE,7:36.27,456.27
2009,S,SCM,M,1,1500,FREE,14:24.58,864.58
2009,S,SCM,M,1,50,BACK,23.18,23.18
2009,S,SCM,M,1,100,BACK,49.95,49.95
2009,S,SCM,M,1,200,BACK,1:49.51,109.51
2009,S,SCM,M,1,50,BREAST,26.41,26.41
2009,S,SCM,M,1,100,BREAST,57.56,57.56
2009,S,SCM,M,1,200,BREAST,2:04.19,124.19
2009,S,SCM,M,1,50,FLY,22.50,22.50
2009,S,SCM,M,1,100,FLY,49.81,49.81
2009,S,SCM,M,1,200,FLY,1:51.20,111.20
2009,S,SCM,M,1,200,MEDLEY,1:53.14,113.14
2009,S,SCM,M,1,400,MEDLEY,4:02.43,242.43
2009,S,SCM,M,1,100,MEDLEY,52.03,52.03
2009,S,SCM,M,4,100,FREE,3:09.63,189.63
2009,S,SCM,M,4,200,FREE,7:00.91,420.91
2009,S,SCM,M,4,100,MEDLEY,3:27.15,207.15
2009,S,SCM,M,4,50,FREE,1:25.93,85.93
2009,S,SCM,M,4,50,MEDLEY,1:33.86,93.86
2009,S,SCM,F,1,50,FREE,23.78,23.78
2009,S,SCM,F,1,100,FREE,52.20,52.20
2009,S,SCM,F,1,200,FREE,1:53.49,113.49
2009,S,SCM,F,1,400,FREE,3:58.26,238.26
2009,S,SCM,F,1,800,FREE,8:09.28,489.28
2009,S,SCM,F,1,1500,FREE,15:46.17,946.17
2009,S,SCM,F,1,50,BACK,26.65,26.65
2009,S,SCM,F,1,100,BACK,56.97,56.97
2009,S,SCM,F,1,200,BACK,2:02.88,122.88
2009,S,SCM,F,1,50,BREAST,29.97,29.97
2009,S,SCM,F,1,100,BREAST,1:04.71,64.71
2009,S,SCM,F,1,200,BREAST,2:18.88,138.88
2009,S,SCM,F,1,50,FLY,25.36,25.36
2009,S,SCM,F,1,100,FLY,56.32,56.32
2009,S,SCM,F,1,200,FLY,2:03.74,123.74
2009,S,SCM,F,1,200,MEDLEY,2:07.38,127.38
2009,S,SCM,F,1,400,MEDLEY,4:27.14,267.14
2009,S,SCM,F,1,100,MEDLEY,59.35,59.35
2009,S,SCM,F,4,100,FREE,3:35.15,215.15
2009,S,SCM,F,4,200,FREE,7:47.36,467.36
2009,S,SCM,F,4,100,MEDLEY,3:56.19,236.19
2009,S,SCM,F,4,50,FREE,1:37.97,97.97
2009,S,SCM,F,4,50,MEDLEY,1:47.55,107.55
2010,S,LCM,M,1,50,FREE,20.94,20.94
2010,S,LCM,M,1,100,FREE,46.91,46.91
2010,S,LCM,M,1,200,FREE,1:42.00,102.00
2010,S,LCM,M,1,400,FREE,3:40.07,220.07
2010,S,LCM,M,1,800,FREE,7:32.12,452.12
2010,S,LCM,M,1,1500,FREE,14:34.56,874.56
2010,S,LCM,M,1,50,BACK,24.04,24.04
2010,S,LCM,M,1,100,BACK,51.94,51.94
2010,S,LCM,M,1,200,BACK,1:51.92,111.92
2010,S,LCM,M,1,50,BREAST,26.67,26.67
2010,S,LCM,M,1,100,BREAST,58.58,58.58
2010,S,LCM,M,1,200,BREAST,2:07.31,127.31
2010,S,LCM,M,1,50,FLY,22.43,22.43
2010,S,LCM,M,1,100,FLY,49.82,49.82
2010,S,LCM,M,1,200,FLY,1:51.51,111.51
2010,S,LCM,M,1,200,MEDLEY,1:54.10,114.10
2010,S,LCM,M,1,400,MEDLEY,4:03.84,243.84
2010,S,LCM,M,4,100,FREE,3:08.24,188.24
2010,S,LCM,M,4,200,FREE,6:58.55,418.55
2010,S,LCM,M,4,100,MEDLEY,3:27.28,207.28
2010,S,LCM,M,4,50,FREE,1:24.97,84.97
2010,S,LCM,M,4,50,MEDLEY,1:33.56,93.56
2010,S,LCM,F,1,50,FREE,23.73,23.73
2010,S,LCM,F,1,100,FREE,52.07,52.07
2010,S,LCM,F,1,200,FREE,1:52.98,112.98
2010,S,LCM,F,1,400,FREE,3:59.15,239.15
2010,S,LCM,F,1,800,FREE,8:14.10,494.10
2010,S,LCM,F,1,1500,FREE,15:42.54,942.54
2010,S,LCM,F,1,50,BACK,27.06,27.06
2010,S,LCM,F,1,100,BACK,58.12,58.12
2010,S,LCM,F,1,200,BACK,2:04.81,124.81
2010,S,LCM,F,1,50,BREAST,29.80,29.80
2010,S,LCM,F,1,100,BREAST,1:04.45,64.45
2010,S,LCM,F,1,200,BREAST,2:20.12,140.12
2010,S,LCM,F,1,50,FLY,25.07,25.07
2010,S,LCM,F,1,100,FLY,56.06,56.06
2010,S,LCM,F,1,200,FLY,2:03.41,123.41
2010,S,LCM,F,1,200,MEDLEY,2:06.15,126.15
2010,S,LCM,F,1,400,MEDLEY,4:29.45,269.45
2010,S,LCM,F,4,100,FREE,3:31.72,211.72
2010,S,LCM,F,4,200,FREE,7:42.08,462.08
2010,S,LCM,F,4,100,MEDLEY,3:52.19,232.19
2010,S,LCM,F,4,50,FREE,1:36.77,96.77
2010,S,LCM,F,4,50,MEDLEY,1:46.12,106.12
2010,S,SCM,M,1,50,FREE,20.30,20.30
2010,S,SCM,M,1,100,FREE,44.94,44.94
2010,S,SCM,M,1,200,FREE,1:39.37,99.37
2010,S,SCM,M,1,400,FREE,3:32.77,212.77
2010,S,SCM,M,1,800,FREE,7:23.42,443.42
2010,S,SCM,M,1,1500,FREE,14:10.10,850.10
2010,S,SCM,M,1,50,BACK,22.61,22.61
2010,S,SCM,M,1,100,BACK,48.94,48.94
2010,S,SCM,M,1,200,BACK,1:46.11,106.11
2010,S,SCM,M,1,50,BREAST,25.25,25.25
2010,S,SCM,M,1,100,BREAST,55.61,55.61
2010,S,SCM,M,1,200,BREAST,2:00.67,120.67
2010,S,SCM,M,1,50,FLY,21.80,21.80
2010,S,SCM,M,1,100,FLY,48.48,48.48
2010,S,SCM,M,1,200,FLY,1:49.11,109.11
2010,S,SCM,M,1,200,MEDLEY,1:51.55,111.55
2010,S,SCM,M,1,400,MEDLEY,3:57.27,237.27
2010,S,SCM,M,1,100,MEDLEY,50.76,50.76
2010,S,SCM,M,4,50,FREE,1:20.77,80.77
2010,S,SCM,M,4,100,FREE,3:03.30,183.30
2010,S,SCM,M,4,200,FREE,6:51.05,411.05
2010,S,SCM,M,4,50,MEDLEY,1:31.80,91.80
2010,S,SCM,M,4,100,MEDLEY,3:19.16,199.16
2010,S,SCM,F,1,50,FREE,23.25,23.25
2010,S,SCM,F,1,100,FREE,51.01,51.01
2010,S,SCM,F,1,200,FREE,1:51.17,111.17
2010,S,SCM,F,1,400,FREE,3:54.92,234.92
2010,S,SCM,F,1,800,FREE,8:04.53,484.53
2010,S,SCM,F,1,1500,FREE,15:28.65,928.65
2010,S,SCM,F,1,50,BACK,25.70,25.70
2010,S,SCM,F,1,100,BACK,55.23,55.23
2010,S,SCM,F,1,200,BACK,2:00.18,120.18
2010,S,SCM,F,1,50,BREAST,28.80,28.80
2010,S,SCM,F,1,100,BREAST,1:02.70,62.70
2010,S,SCM,F,1,200,BREAST,2:14.57,134.57
2010,S,SCM,F,1,50,FLY,24.38,24.38
2010,S,SCM,F,1,100,FLY,55.05,55.05
2010,S,SCM,F,1,200,FLY,2:00.78,120.78
2010,S,SCM,F,1,200,MEDLEY,2:04.60,124.60
2010,S,SCM,F,1,400,MEDLEY,4:21.04,261.04
2010,S,SCM,F,1,100,MEDLEY,57.74,57.74
2010,S,SCM,F,4,50,FREE,1:33.25,93.25
2010,S,SCM,F,4,100,FREE,3:28.22,208.22
2010,S,SCM,F,4,200,FREE,7:38.90,458.90
2010,S,SCM,F,4,50,MEDLEY,1:42.69,102.69
2010,S,SCM,F,4,100,MEDLEY,3:47.97,227.97
2011,S,LCM,M,1,50,FREE,20.91,20.91
2011,S,LCM,M,1,100,FREE,46.91,46.91
2011,S,LCM,M,1,200,FREE,1:42.00,102.00
2011,S,LCM,M,1,400,FREE,3:40.07,220.07
2011,S,LCM,M,1,800,FREE,7:32.12,452.12
2011,S,LCM,M,1,1500,FREE,14:34.56,874.56
2011,S,LCM,M,1,50,BACK,24.04,24.04
2011,S,LCM,M,1,100,BACK,51.94,51.94
2011,S,LCM,M,1,200,BACK,1:51.92,111.92
2011,S,LCM,M,1,50,BREAST,26.67,26.67
2011,S,LCM,M,1,100,BREAST,58.58,58.58
2011,S,LCM,M,1,200,BREAST,2:07.31,127.31
2011,S,LCM,M,1,50,FLY,22.43,22.43
2011,S,LCM,M,1,100,FLY,49.82,49.82
2011,S,LCM,M,1,200,FLY,1:51.51,111.51
2011,S,LCM,M,1,200,MEDLEY,1:54.10,114.10
2011,S,LCM,M,1,400,MEDLEY,4:03.84,243.84
2011,S,LCM,M,4,100,FREE,3:08.24,188.24
2011,S,LCM,M,4,200,FREE,6:58.55,418.55
2011,S,LCM,M,4,100,MEDLEY,3:27.28,207.28
2011,S,LCM,M,4,50,FREE,1:24.85,84.85
2011,S,LCM,M,4,50,MEDLEY,1:33.43,93.43
2011,S,LCM,F,1,50,FREE,23.73,23.73
2011,S,LCM,F,1,100,FREE,52.07,52.07
2011,S,LCM,F,1,200,FREE,1:52.98,112.98
2011,S,LCM,F,1,400,FREE,3:59.15,239.15
2011,S,LCM,F,1,800,FREE,8:14.10,494.10
2011,S,LCM,F,1,1500,FREE,15:42.54,942.54
2011,S,LCM,F,1,50,BACK,27.06,27.06
2011,S,LCM,F,1,100,BACK,58.12,58.12
2011,S,LCM,F,1,200,BACK,2:04.81,124.81
2011,S,LCM,F,1,50,BREAST,29.8,29.80
2011,S,LCM,F,1,100,BREAST,1:04.45,64.45
2011,S,LCM,F,1,200,BREAST,2:20.12,140.12
2011,S,LCM,F,1,50,FLY,25.07,25.07
2011,S,LCM,F,1,100,FLY,56.06,56.06
2011,S,LCM,F,1,200,FLY,2:01.81,121.81
2011,S,LCM,F,1,200,MEDLEY,2:06.15,126.15
2011,S,LCM,F,1,400,MEDLEY,4:29.45,269.45
2011,S,LCM,F,4,100,FREE,3:31.72,211.72
2011,S,LCM,F,4,200,FREE,7:42.08,462.08
2011,S,LCM,F,4,100,MEDLEY,3:52.19,232.19
2011,S,LCM,F,4,50,FREE,1:36.77,96.77
2011,S,LCM,F,4,50,MEDLEY,1:46.12,106.12
2011,S,SCM,M,1,50,FREE,20.30,20.30
2011,S,SCM,M,1,100,FREE,44.94,44.94
2011,S,SCM,M,1,200,FREE,1:39.37,99.37
2011,S,SCM,M,1,400,FREE,3:32.77,212.77
2011,S,SCM,M,1,800,FREE,7:23.42,443.42
2011,S,SCM,M,1,1500,FREE,14:10.10,850.10
2011,S,SCM,M,1,50,BACK,22.61,22.61
2011,S,SCM,M,1,100,BACK,48.94,48.94
2011,S,SCM,M,1,200,BACK,1:46.11,106.11
2011,S,SCM,M,1,50,BREAST,25.25,25.25
2011,S,SCM,M,1,100,BREAST,55.61,55.61
2011,S,SCM,M,1,200,BREAST,2:00.67,120.67
2011,S,SCM,M,1,50,FLY,21.80,21.80
2011,S,SCM,M,1,100,FLY,48.48,48.48
2011,S,SCM,M,1,200,FLY,1:49.11,109.11
2011,S,SCM,M,1,200,MEDLEY,1:50.08,110.08
2011,S,SCM,M,1,400,MEDLEY,3:55.50,235.50
2011,S,SCM,M,1,100,MEDLEY,50.76,50.76
2011,S,SCM,M,4,50,FREE,1:20.77,80.77
2011,S,SCM,M,4,100,FREE,3:03.30,183.30
2011,S,SCM,M,4,200,FREE,6:49.04,409.04
2011,S,SCM,M,4,50,MEDLEY,1:31.80,91.80
2011,S,SCM,M,4,100,MEDLEY,3:19.16,199.16
2011,S,SCM,F,1,50,FREE,23.25,23.25
2011,S,SCM,F,1,100,FREE,51.01,51.01
2011,S,SCM,F,1,200,FREE,1:51.17,111.17
2011,S,SCM,F,1,400,FREE,3:54.92,234.92
2011,S,SCM,F,1,800,FREE,8:04.53,484.53
2011,S,SCM,F,1,1500,FREE,15:28.65,928.65
2011,S,SCM,F,1,50,BACK,25.70,25.70
2011,S,SCM,F,1,100,BACK,55.23,55.23
2011,S,SCM,F,1,200,BACK,2:00.18,120.18
2011,S,SCM,F,1,50,BREAST,28.80,28.80
2011,S,SCM,F,1,100,BREAST,1:02.70,62.70
2011,S,SCM,F,1,200,BREAST,2:14.57,134.57
2011,S,SCM,F,1,50,FLY,24.38,24.38
2011,S,SCM,F,1,100,FLY,55.05,55.05
2011,S,SCM,F,1,200,FLY,2:00.78,120.78
2011,S,SCM,F,1,200,MEDLEY,2:04.60,124.60
2011,S,SCM,F,1,400,MEDLEY,4:21.04,261.04
2011,S,SCM,F,1,100,MEDLEY,57.74,57.74
2011,S,SCM,F,4,50,FREE,1:33.25,93.25
2011,S,SCM,F,4,100,FREE,3:28.22,208.22
2011,S,SCM,F,4,200,FREE,7:35.94,455.94
2011,S,SCM,F,4,50,MEDLEY,1:42.69,102.69
2011,S,SCM,F,4,100,MEDLEY,3:47.97,227.97
2012,S,LCM,M,1,50,FREE,20.91,20.91
2012,S,LCM,M,1,100,FREE,46.91,46.91
2012,S,LCM,M,1,200,FREE,1:42.00,102.00
2012,S,LCM,M,1,400,FREE,3:40.07,220.07
2012,S,LCM,M,1,800,FREE,7:32.12,452.12
2012,S,LCM,M,1,1500,FREE,14:34.14,874.14
2012,S,LCM,M,1,50,BACK,24.04,24.04
2012,S,LCM,M,1,100,BACK,51.94,51.94
2012,S,LCM,M,1,200,BACK,1:51.92,111.92
2012,S,LCM,M,1,50,BREAST,26.67,26.67
2012,S,LCM,M,1,100,BREAST,58.58,58.58
2012,S,LCM,M,1,200,BREAST,2:07.31,127.31
2012,S,LCM,M,1,50,FLY,22.43,22.43
2012,S,LCM,M,1,100,FLY,49.82,49.82
2012,S,LCM,M,1,200,FLY,1:51.51,111.51
2012,S,LCM,M,1,200,MEDLEY,1:54.00,114.00
2012,S,LCM,M,1,400,MEDLEY,4:03.84,243.84
2012,S,LCM,M,4,100,FREE,3:08.24,188.24
2012,S,LCM,M,4,200,FREE,6:58.55,418.55
2012,S,LCM,M,4,100,MEDLEY,3:27.28,207.28
2012,S,LCM,M,4,50,FREE,1:24.85,84.85
2012,S,LCM,M,4,50,MEDLEY,1:33.43,93.43
2012,S,LCM,F,1,50,FREE,23.73,23.73
2012,S,LCM,F,1,100,FREE,52.07,52.07
2012,S,LCM,F,1,200,FREE,1:52.98,112.98
2012,S,LCM,F,1,400,FREE,3:59.15,239.15
2012,S,LCM,F,1,800,FREE,8:14.10,494.10
2012,S,LCM,F,1,1500,FREE,15:42.54,942.54
2012,S,LCM,F,1,50,BACK,27.06,27.06
2012,S,LCM,F,1,100,BACK,58.12,58.12
2012,S,LCM,F,1,200,BACK,2:04.81,124.81
2012,S,LCM,F,1,50,BREAST,29.80,29.80
2012,S,LCM,F,1,100,BREAST,1:04.45,64.45
2012,S,LCM,F,1,200,BREAST,2:20.12,140.12
2012,S,LCM,F,1,50,FLY,25.07,25.07
2012,S,LCM,F,1,100,FLY,56.06,56.06
2012,S,LCM,F,1,200,FLY,2:01.81,121.81
2012,S,LCM,F,1,200,MEDLEY,2:06.15,126.15
2012,S,LCM,F,1,400,MEDLEY,4:29.45,269.45
2012,S,LCM,F,4,100,FREE,3:31.72,211.72
2012,S,LCM,F,4,200,FREE,7:42.08,462.08
2012,S,LCM,F,4,100,MEDLEY,3:52.19,232.19
2012,S,LCM,F,4,50,FREE,1:36.77,96.77
2012,S,LCM,F,4,50,MEDLEY,1:46.12,106.12
2012,S,SCM,M,1,50,FREE,20.30,20.30
2012,S,SCM,M,1,100,FREE,44.94,44.94
2012,S,SCM,M,1,200,FREE,1:39.37,99.37
2012,S,SCM,M,1,400,FREE,3:32.77,212.77
2012,S,SCM,M,1,800,FREE,7:23.42,443.42
2012,S,SCM,M,1,1500,FREE,14:10.10,850.10
2012,S,SCM,M,1,50,BACK,22.61,22.61
2012,S,SCM,M,1,100,BACK,48.94,48.94
2012,S,SCM,M,1,200,BACK,1:46.11,106.11
2012,S,SCM,M,1,50,BREAST,25.25,25.25
2012,S,SCM,M,1,100,BREAST,55.61,55.61
2012,S,SCM,M,1,200,BREAST,2:00.67,120.67
2012,S,SCM,M,1,50,FLY,21.80,21.80
2012,S,SCM,M,1,100,FLY,48.48,48.48
2012,S,SCM,M,1,200,FLY,1:49.11,109.11
2012,S,SCM,M,1,200,MEDLEY,1:50.08,110.08
2012,S,SCM,M,1,400,MEDLEY,3:55.50,235.50
2012,S,SCM,M,1,100,MEDLEY,50.76,50.76
2012,S,SCM,M,4,50,FREE,1:20.77,80.77
2012,S,SCM,M,4,100,FREE,3:03.30,183.30
2012,S,SCM,M,4,200,FREE,6:49.04,409.04
2012,S,SCM,M,4,50,MEDLEY,1:31.80,91.80
2012,S,SCM,M,4,100,MEDLEY,3:19.16,199.16
2012,S,SCM,F,1,50,FREE,23.25,23.25
2012,S,SCM,F,1,100,FREE,51.01,51.01
2012,S,SCM,F,1,200,FREE,1:51.17,111.17
2012,S,SCM,F,1,400,FREE,3:54.92,234.92
2012,S,SCM,F,1,800,FREE,8:04.53,484.53
2012,S,SCM,F,1,1500,FREE,15:28.65,928.65
2012,S,SCM,F,1,50,BACK,25.70,25.70
2012,S,SCM,F,1,100,BACK,55.23,55.23
2012,S,SCM,F,1,200,BACK,2:00.03,120.03
2012,S,SCM,F,1,50,BREAST,28.80,28.80
2012,S,SCM,F,1,100,BREAST,1:02.70,62.70
2012,S,SCM,F,1,200,BREAST,2:14.57,134.57
2012,S,SCM,F,1,50,FLY,24.38,24.38
2012,S,SCM,F,1,100,FLY,55.05,55.05
2012,S,SCM,F,1,200,FLY,2:00.78,120.78
2012,S,SCM,F,1,200,MEDLEY,2:04.60,124.60
2012,S,SCM,F,1,400,MEDLEY,4:21.04,261.04
2012,S,SCM,F,1,100,MEDLEY,57.74,57.74
2012,S,SCM,F,4,50,FREE,1:33.25,93.25
2012,S,SCM,F,4,100,FREE,3:28.22,208.22
2012,S,SCM,F,4,200,FREE,7:35.94,455.94
2012,S,SCM,F,4,50,MEDLEY,1:42.69,102.69
2012,S,SCM,F,4,100,MEDLEY,3:47.97,227.97
2013,S,LCM,M,1,50,FREE,20.91,20.91
2013,S,LCM,M,1,100,FREE,46.91,46.91
2013,S,LCM,M,1,200,FREE,1:42.00,102.00
2013,S,LCM,M,1,400,FREE,3:40.07,220.07
2013,S,LCM,M,1,800,FREE,7:32.12,452.12
2013,S,LCM,M,1,1500,FREE,14:31.02,871.02
2013,S,LCM,M,1,50,BACK,24.04,24.04
2013,S,LCM,M,1,100,BACK,51.94,51.94
2013,S,LCM,M,1,200,BACK,1:51.92,111.92
2013,S,LCM,M,1,50,BREAST,26.67,26.67
2013,S,LCM,M,1,100,BREAST,58.46,58.46
2013,S,LCM,M,1,200,BREAST,2:07.01,127.01
2013,S,LCM,M,1,50,FLY,22.43,22.43
2013,S,LCM,M,1,100,FLY,49.82,49.82
2013,S,LCM,M,1,200,FLY,1:51.51,111.51
2013,S,LCM,M,1,200,MEDLEY,1:54.00,114.00
2013,S,LCM,M,1,400,MEDLEY,4:03.84,243.84
2013,S,LCM,M,4,100,FREE,3:08.24,188.24
2013,S,LCM,M,4,200,FREE,6:58.55,418.55
2013,S,LCM,M,4,100,MEDLEY,3:27.28,207.28
2013,S,LCM,M,4,50,FREE,1:24.85,84.85
2013,S,LCM,M,4,50,MEDLEY,1:33.43,93.43
2013,S,LCM,F,1,50,FREE,23.73,23.73
2013,S,LCM,F,1,100,FREE,52.07,52.07
2013,S,LCM,F,1,200,FREE,1:52.98,112.98
2013,S,LCM,F,1,400,FREE,3:59.15,239.15
2013,S,LCM,F,1,800,FREE,8:14.10,494.10
2013,S,LCM,F,1,1500,FREE,15:42.54,942.54
2013,S,LCM,F,1,50,BACK,27.06,27.06
2013,S,LCM,F,1,100,BACK,58.12,58.12
2013,S,LCM,F,1,200,BACK,2:04.06,124.06
2013,S,LCM,F,1,50,BREAST,29.80,29.80
2013,S,LCM,F,1,100,BREAST,1:04.45,64.45
2013,S,LCM,F,1,200,BREAST,2:19.59,139.59
2013,S,LCM,F,1,50,FLY,25.07,25.07
2013,S,LCM,F,1,100,FLY,55.98,55.98
2013,S,LCM,F,1,200,FLY,2:01.81,121.81
2013,S,LCM,F,1,200,MEDLEY,2:06.15,126.15
2013,S,LCM,F,1,400,MEDLEY,4:28.43,268.43
2013,S,LCM,F,4,100,FREE,3:31.72,211.72
2013,S,LCM,F,4,200,FREE,7:42.08,462.08
2013,S,LCM,F,4,100,MEDLEY,3:52.05,232.05
2013,S,LCM,F,4,50,FREE,1:36.77,96.77
2013,S,LCM,F,4,50,MEDLEY,1:46.06,106.06
2013,S,SCM,M,1,50,FREE,20.30,20.3
2013,S,SCM,M,1,100,FREE,44.94,44.94
2013,S,SCM,M,1,200,FREE,1:39.37,99.37
2013,S,SCM,M,1,400,FREE,3:32.25,212.25
2013,S,SCM,M,1,800,FREE,7:23.42,443.42
2013,S,SCM,M,1,1500,FREE,14:10.10,850.1
2013,S,SCM,M,1,50,BACK,22.61,22.61
2013,S,SCM,M,1,100,BACK,48.94,48.94
2013,S,SCM,M,1,200,BACK,1:46.11,106.11
2013,S,SCM,M,1,50,BREAST,25.25,25.25
2013,S,SCM,M,1,100,BREAST,55.61,55.61
2013,S,SCM,M,1,200,BREAST,2:00.67,120.67
2013,S,SCM,M,1,50,FLY,21.80,21.8
2013,S,SCM,M,1,100,FLY,48.48,48.48
2013,S,SCM,M,1,200,FLY,1:49.11,109.11
2013,S,SCM,M,1,200,MEDLEY,1:49.63,109.63
2013,S,SCM,M,1,400,MEDLEY,3:55.50,235.5
2013,S,SCM,M,1,100,MEDLEY,50.71,50.71
2013,S,SCM,M,4,50,FREE,1:20.77,80.77
2013,S,SCM,M,4,100,FREE,3:03.30,183.3
2013,S,SCM,M,4,200,FREE,6:49.04,409.04
2013,S,SCM,M,4,50,MEDLEY,1:31.80,91.8
2013,S,SCM,M,4,100,MEDLEY,3:19.16,199.16
2013,S,SCM,F,1,50,FREE,23.25,23.25
2013,S,SCM,F,1,100,FREE,51.01,51.01
2013,S,SCM,F,1,200,FREE,1:51.17,111.17
2013,S,SCM,F,1,400,FREE,3:54.85,234.85
2013,S,SCM,F,1,800,FREE,8:01.06,481.06
2013,S,SCM,F,1,1500,FREE,15:28.65,928.65
2013,S,SCM,F,1,50,BACK,25.70,25.7
2013,S,SCM,F,1,100,BACK,55.23,55.23
2013,S,SCM,F,1,200,BACK,2:00.03,120.03
2013,S,SCM,F,1,50,BREAST,28.80,28.8
2013,S,SCM,F,1,100,BREAST,1:02.70,62.7
2013,S,SCM,F,1,200,BREAST,2:14.57,134.57
2013,S,SCM,F,1,50,FLY,24.38,24.38
2013,S,SCM,F,1,100,FLY,55.05,55.05
2013,S,SCM,F,1,200,FLY,2:00.78,120.78
2013,S,SCM,F,1,200,MEDLEY,2:04.60,124.6
2013,S,SCM,F,1,400,MEDLEY,4:21.04,261.04
2013,S,SCM,F,1,100,MEDLEY,57.74,57.74
2013,S,SCM,F,4,50,FREE,1:33.25,93.25
2013,S,SCM,F,4,100,FREE,3:28.22,208.22
2013,S,SCM,F,4,200,FREE,7:35.94,455.94
2013,S,SCM,F,4,50,MEDLEY,1:42.69,102.69
2013,S,SCM,F,4,100,MEDLEY,3:45.56,225.56
2014,S,LCM,M,1,50,FREE,20.91,20.91
2014,S,LCM,M,1,100,FREE,46.91,46.91
2014,S,LCM,M,1,200,FREE,1:42.00,102
2014,S,LCM,M,1,400,FREE,3:40.07,220.07
2014,S,LCM,M,1,800,FREE,7:32.12,452.12
2014,S,LCM,M,1,1500,FREE,14:31.02,871.02
2014,S,LCM,M,1,50,BACK,24.04,24.04
2014,S,LCM,M,1,100,BACK,51.94,51.94
2014,S,LCM,M,1,200,BACK,1:51.92,111.92
2014,S,LCM,M,1,50,BREAST,26.67,26.67
2014,S,LCM,M,1,100,BREAST,58.46,58.46
2014,S,LCM,M,1,200,BREAST,2:07.01,127.01
2014,S,LCM,M,1,50,FLY,22.43,22.43
2014,S,LCM,M,1,100,FLY,49.82,49.82
2014,S,LCM,M,1,200,FLY,1:51.51,111.51
2014,S,LCM,M,1,200,MEDLEY,1:54.00,114
2014,S,LCM,M,1,400,MEDLEY,4:03.84,243.84
2014,S,LCM,M,4,100,FREE,3:08.24,188.24
2014,S,LCM,M,4,200,FREE,6:58.55,418.55
2014,S,LCM,M,4,100,MEDLEY,3:27.28,207.28
2014,S,LCM,M,4,50,FREE,1:24.85,84.85
2014,S,LCM,M,4,50,MEDLEY,1:33.43,93.43
2014,S,LCM,F,1,50,FREE,23.73,23.73
2014,S,LCM,F,1,100,FREE,52.07,52.07
2014,S,LCM,F,1,200,FREE,1:52.98,112.98
2014,S,LCM,F,1,400,FREE,3:59.15,239.15
2014,S,LCM,F,1,800,FREE,8:13.86,493.86
2014,S,LCM,F,1,1500,FREE,15:36.53,936.53
2014,S,LCM,F,1,50,BACK,27.06,27.06
2014,S,LCM,F,1,100,BACK,58.12,58.12
2014,S,LCM,F,1,200,BACK,2:04.06,124.06
2014,S,LCM,F,1,50,BREAST,29.48,29.48
2014,S,LCM,F,1,100,BREAST,1:04.35,64.35
2014,S,LCM,F,1,200,BREAST,2:19.11,139.11
2014,S,LCM,F,1,50,FLY,25.07,25.07
2014,S,LCM,F,1,100,FLY,55.98,55.98
2014,S,LCM,F,1,200,FLY,2:01.81,121.81
2014,S,LCM,F,1,200,MEDLEY,2:06.15,126.15
2014,S,LCM,F,1,400,MEDLEY,4:28.43,268.43
2014,S,LCM,F,4,100,FREE,3:31.72,211.72
2014,S,LCM,F,4,200,FREE,7:42.08,462.08
2014,S,LCM,F,4,100,MEDLEY,3:52.05,232.05
2014,S,LCM,F,4,50,FREE,1:36.77,96.77
2014,S,LCM,F,4,50,MEDLEY,1:46.06,106.06
2014,S,SCM,M,1,50,FREE,20.30,20.3
2014,S,SCM,M,1,100,FREE,44.94,44.94
2014,S,SCM,M,1,200,FREE,1:39.37,99.37
2014,S,SCM,M,1,400,FREE,3:32.25,212.25
2014,S,SCM,M,1,800,FREE,7:23.42,443.42
2014,S,SCM,M,1,1500,FREE,14:10.10,850.1
2014,S,SCM,M,1,50,BACK,22.61,22.61
2014,S,SCM,M,1,100,BACK,48.94,48.94
2014,S,SCM,M,1,200,BACK,1:46.11,106.11
2014,S,SCM,M,1,50,BREAST,25.25,25.25
2014,S,SCM,M,1,100,BREAST,55.61,55.61
2014,S,SCM,M,1,200,BREAST,2:00.67,120.67
2014,S,SCM,M,1,50,FLY,21.80,21.8
2014,S,SCM,M,1,100,FLY,48.48,48.48
2014,S,SCM,M,1,200,FLY,1:48.56,108.56
2014,S,SCM,M,1,200,MEDLEY,1:49.63,109.63
2014,S,SCM,M,1,400,MEDLEY,3:55.50,235.5
2014,S,SCM,M,1,100,MEDLEY,50.71,50.71
2014,S,SCM,M,4,50,FREE,1:23.36,83.36
2014,S,SCM,M,4,100,FREE,3:03.30,183.3
2014,S,SCM,M,4,200,FREE,6:49.04,409.04
2014,S,SCM,M,4,50,MEDLEY,1:33.65,93.65
2014,S,SCM,M,4,100,MEDLEY,3:19.16,199.16
2014,S,SCM,F,1,50,FREE,23.24,23.24
2014,S,SCM,F,1,100,FREE,51.01,51.01
2014,S,SCM,F,1,200,FREE,1:51.17,111.17
2014,S,SCM,F,1,400,FREE,3:54.52,234.52
2014,S,SCM,F,1,800,FREE,7:59.34,479.34
2014,S,SCM,F,1,1500,FREE,15:26.95,926.95
2014,S,SCM,F,1,50,BACK,25.70,25.7
2014,S,SCM,F,1,100,BACK,55.23,55.23
2014,S,SCM,F,1,200,BACK,2:00.03,120.03
2014,S,SCM,F,1,50,BREAST,28.80,28.8
2014,S,SCM,F,1,100,BREAST,1:02.36,62.36
2014,S,SCM,F,1,200,BREAST,2:14.57,134.57
2014,S,SCM,F,1,50,FLY,24.38,24.38
2014,S,SCM,F,1,100,FLY,55.05,55.05
2014,S,SCM,F,1,200,FLY,2:00.78,120.78
2014,S,SCM,F,1,200,MEDLEY,2:03.20,123.2
2014,S,SCM,F,1,400,MEDLEY,4:20.85,260.85
2014,S,SCM,F,1,100,MEDLEY,57.45,57.45
2014,S,SCM,F,4,50,FREE,1:37.04,97.04
2014,S,SCM,F,4,100,FREE,3:28.22,208.22
2014,S,SCM,F,4,200,FREE,7:35.94,455.94
2014,S,SCM,F,4,50,MEDLEY,1:45.92,105.92
2014,S,SCM,F,4,100,MEDLEY,3:45.56,225.56
2015,S,LCM,M,1,50,FREE,20.91,20.91
2015,S,LCM,M,1,100,FREE,46.91,46.91
2015,S,LCM,M,1,200,FREE,1:42.00,102
2015,S,LCM,M,1,400,FREE,3:40.07,220.07
2015,S,LCM,M,1,800,FREE,7:32.12,452.12
2015,S,LCM,M,1,1500,FREE,14:31.02,871.02
2015,S,LCM,M,1,50,BACK,24.04,24.04
2015,S,LCM,M,1,100,BACK,51.94,51.94
2015,S,LCM,M,1,200,BACK,1:51.92,111.92
2015,S,LCM,M,1,50,BREAST,26.67,26.67
2015,S,LCM,M,1,100,BREAST,58.46,58.46
2015,S,LCM,M,1,200,BREAST,2:07.01,127.01
2015,S,LCM,M,1,50,FLY,22.43,22.43
2015,S,LCM,M,1,100,FLY,49.82,49.82
2015,S,LCM,M,1,200,FLY,1:51.51,111.51
2015,S,LCM,M,1,200,MEDLEY,1:54.00,114
2015,S,LCM,M,1,400,MEDLEY,4:03.84,243.84
2015,S,LCM,M,4,100,FREE,3:08.24,188.24
2015,S,LCM,M,4,200,FREE,6:58.55,418.55
2015,S,LCM,M,4,100,MEDLEY,3:27.28,207.28
2015,S,LCM,M,4,50,FREE,1:24.85,84.85
2015,S,LCM,M,4,50,MEDLEY,1:33.43,93.43
2015,S,LCM,F,1,50,FREE,23.73,23.73
2015,S,LCM,F,1,100,FREE,52.07,52.07
2015,S,LCM,F,1,200,FREE,1:52.98,112.98
2015,S,LCM,F,1,400,FREE,3:58.37,238.37
2015,S,LCM,F,1,800,FREE,8:11.00,491
2015,S,LCM,F,1,1500,FREE,15:28.36,928.36
2015,S,LCM,F,1,50,BACK,27.06,27.06
2015,S,LCM,F,1,100,BACK,58.12,58.12
2015,S,LCM,F,1,200,BACK,2:04.06,124.06
2015,S,LCM,F,1,50,BREAST,29.48,29.48
2015,S,LCM,F,1,100,BREAST,1:04.35,64.35
2015,S,LCM,F,1,200,BREAST,2:19.11,139.11
2015,S,LCM,F,1,50,FLY,24.43,24.43
2015,S,LCM,F,1,100,FLY,55.98,55.98
2015,S,LCM,F,1,200,FLY,2:01.81,121.81
2015,S,LCM,F,1,200,MEDLEY,2:06.15,126.15
2015,S,LCM,F,1,400,MEDLEY,4:28.43,268.43
2015,S,LCM,F,4,100,FREE,3:30.98,210.98
2015,S,LCM,F,4,200,FREE,7:42.08,462.08
2015,S,LCM,F,4,100,MEDLEY,3:52.05,232.05
2015,S,LCM,F,4,50,FREE,1:36.60,96.6
2015,S,LCM,F,4,50,MEDLEY,1:46.24,106.24
2015,S,SCM,M,1,50,FREE,20.26,20.26
2015,S,SCM,M,1,100,FREE,44.94,44.94
2015,S,SCM,M,1,200,FREE,1:39.37,99.37
2015,S,SCM,M,1,400,FREE,3:32.25,212.25
2015,S,SCM,M,1,800,FREE,7:23.42,443.42
2015,S,SCM,M,1,1500,FREE,14:10.10,850.1
2015,S,SCM,M,1,50,BACK,22.22,22.22
2015,S,SCM,M,1,100,BACK,48.94,48.94
2015,S,SCM,M,1,200,BACK,1:46.11,106.11
2015,S,SCM,M,1,50,BREAST,25.25,25.25
2015,S,SCM,M,1,100,BREAST,55.61,55.61
2015,S,SCM,M,1,200,BREAST,2:00.48,120.48
2015,S,SCM,M,1,50,FLY,21.80,21.8
2015,S,SCM,M,1,100,FLY,48.44,48.44
2015,S,SCM,M,1,200,FLY,1:48.56,108.56
2015,S,SCM,M,1,200,MEDLEY,1:49.63,109.63
2015,S,SCM,M,1,400,MEDLEY,3:55.50,235.5
2015,S,SCM,M,1,100,MEDLEY,50.66,50.66
2015,S,SCM,M,4,50,FREE,1:22.60,82.6
2015,S,SCM,M,4,100,FREE,3:03.30,183.3
2015,S,SCM,M,4,200,FREE,6:49.04,409.04
2015,S,SCM,M,4,50,MEDLEY,1:30.51,90.51
2015,S,SCM,M,4,100,MEDLEY,3:19.16,199.16
2015,S,SCM,F,1,50,FREE,23.24,23.24
2015,S,SCM,F,1,100,FREE,51.01,51.01
2015,S,SCM,F,1,200,FREE,1:50.78,110.78
2015,S,SCM,F,1,400,FREE,3:54.52,234.52
2015,S,SCM,F,1,800,FREE,7:59.34,479.34
2015,S,SCM,F,1,1500,FREE,15:19.71,919.71
2015,S,SCM,F,1,50,BACK,25.67,25.67
2015,S,SCM,F,1,100,BACK,55.03,55.03
2015,S,SCM,F,1,200,BACK,1:59.23,119.23
2015,S,SCM,F,1,50,BREAST,28.80,28.8
2015,S,SCM,F,1,100,BREAST,1:02.36,62.36
2015,S,SCM,F,1,200,BREAST,2:14.57,134.57
2015,S,SCM,F,1,50,FLY,24.38,24.38
2015,S,SCM,F,1,100,FLY,54.61,54.61
2015,S,SCM,F,1,200,FLY,1:59.61,119.61
2015,S,SCM,F,1,200,MEDLEY,2:01.86,121.86
2015,S,SCM,F,1,400,MEDLEY,4:19.86,259.86
2015,S,SCM,F,1,100,MEDLEY,56.70,56.7
2015,S,SCM,F,4,50,FREE,1:34.24,94.24
2015,S,SCM,F,4,100,FREE,3:26.53,206.53
2015,S,SCM,F,4,200,FREE,7:32.85,452.85
2015,S,SCM,F,4,50,MEDLEY,1:44.04,104.04
2015,S,SCM,F,4,100,MEDLEY,3:45.56,225.56
2016,S,LCM,M,1,50,FREE,20.91,20.91
2016,S,LCM,M,1,100,FREE,46.91,46.91
2016,S,LCM,M,1,200,FREE,1:42.00,102
2016,S,LCM,M,1,400,FREE,3:40.07,220.07
2016,S,LCM,M,1,800,FREE,7:32.12,452.12
2016,S,LCM,M,1,1500,FREE,14:31.02,871.02
2016,S,LCM,M,1,50,BACK,24.04,24.04
2016,S,LCM,M,1,100,BACK,51.94,51.94
2016,S,LCM,M,1,200,BACK,1:51.92,111.92
2016,S,LCM,M,1,50,BREAST,26.42,26.42
2016,S,LCM,M,1,100,BREAST,57.92,57.92
2016,S,LCM,M,1,200,BREAST,2:07.01,127.01
2016,S,LCM,M,1,50,FLY,22.43,22.43
2016,S,LCM,M,1,100,FLY,49.82,49.82
2016,S,LCM,M,1,200,FLY,1:51.51,111.51
2016,S,LCM,M,1,200,MEDLEY,1:54.00,114
2016,S,LCM,M,1,400,MEDLEY,4:03.84,243.84
2016,S,LCM,M,4,100,FREE,3:08.24,188.24
2016,S,LCM,M,4,200,FREE,6:58.55,418.55
2016,S,LCM,M,4,100,MEDLEY,3:27.28,207.28
2016,S,LCM,M,4,50,FREE,1:24.85,84.85
2016,S,LCM,M,4,50,MEDLEY,1:33.43,93.43
2016,S,LCM,F,1,50,FREE,23.73,23.73
2016,S,LCM,F,1,100,FREE,52.07,52.07
2016,S,LCM,F,1,200,FREE,1:52.98,112.98
2016,S,LCM,F,1,400,FREE,3:58.37,238.37
2016,S,LCM,F,1,800,FREE,8:07.39,487.39
2016,S,LCM,F,1,1500,FREE,15:25.48,925.48
2016,S,LCM,F,1,50,BACK,27.06,27.06
2016,S,LCM,F,1,100,BACK,58.12,58.12
2016,S,LCM,F,1,200,BACK,2:04.06,124.06
2016,S,LCM,F,1,50,BREAST,29.48,29.48
2016,S,LCM,F,1,100,BREAST,1:04.35,64.35
2016,S,LCM,F,1,200,BREAST,2:19.11,139.11
2016,S,LCM,F,1,50,FLY,24.43,24.43
2016,S,LCM,F,1,100,FLY,55.64,55.64
2016,S,LCM,F,1,200,FLY,2:01.81,121.81
2016,S,LCM,F,1,200,MEDLEY,2:06.12,126.12
2016,S,LCM,F,1,400,MEDLEY,4:28.43,268.43
2016,S,LCM,F,4,100,FREE,3:30.98,210.98
2016,S,LCM,F,4,200,FREE,7:42.08,462.08
2016,S,LCM,F,4,100,MEDLEY,3:52.05,232.05
2016,S,LCM,F,4,50,FREE,1:36.60,96.6
2016,S,LCM,F,4,50,MEDLEY,1:46.24,106.24
2016,S,SCM,M,1,50,FREE,20.26,20.26
2016,S,SCM,M,1,100,FREE,44.94,44.94
2016,S,SCM,M,1,200,FREE,1:39.37,99.37
2016,S,SCM,M,1,400,FREE,3:32.25,212.25
2016,S,SCM,M,1,800,FREE,7:23.42,443.42
2016,S,SCM,M,1,1500,FREE,14:08.06,848.06
2016,S,SCM,M,1,50,BACK,22.22,22.22
2016,S,SCM,M,1,100,BACK,48.92,48.92
2016,S,SCM,M,1,200,BACK,1:45.63,105.63
2016,S,SCM,M,1,50,BREAST,25.25,25.25
2016,S,SCM,M,1,100,BREAST,55.61,55.61
2016,S,SCM,M,1,200,BREAST,2:00.48,120.48
2016,S,SCM,M,1,50,FLY,21.80,21.8
2016,S,SCM,M,1,100,FLY,48.44,48.44
2016,S,SCM,M,1,200,FLY,1:48.56,108.56
2016,S,SCM,M,1,200,MEDLEY,1:49.63,109.63
2016,S,SCM,M,1,400,MEDLEY,3:55.50,235.5
2016,S,SCM,M,1,100,MEDLEY,50.66,50.66
2016,S,SCM,M,4,50,FREE,1:22.60,82.6
2016,S,SCM,M,4,100,FREE,3:03.30,183.3
2016,S,SCM,M,4,200,FREE,6:49.04,409.04
2016,S,SCM,M,4,50,MEDLEY,1:30.51,90.51
2016,S,SCM,M,4,100,MEDLEY,3:19.16,199.16
2016,S,SCM,F,1,50,FREE,23.24,23.24
2016,S,SCM,F,1,100,FREE,50.91,50.91
2016,S,SCM,F,1,200,FREE,1:50.78,110.78
2016,S,SCM,F,1,400,FREE,3:54.52,234.52
2016,S,SCM,F,1,800,FREE,7:59.34,479.34
2016,S,SCM,F,1,1500,FREE,15:19.71,919.71
2016,S,SCM,F,1,50,BACK,25.67,25.67
2016,S,SCM,F,1,100,BACK,55.03,55.03
2016,S,SCM,F,1,200,BACK,1:59.23,119.23
2016,S,SCM,F,1,50,BREAST,28.80,28.8
2016,S,SCM,F,1,100,BREAST,1:02.36,62.36
2016,S,SCM,F,1,200,BREAST,2:14.57,134.57
2016,S,SCM,F,1,50,FLY,24.38,24.38
2016,S,SCM,F,1,100,FLY,54.61,54.61
2016,S,SCM,F,1,200,FLY,1:59.61,119.61
2016,S,SCM,F,1,200,MEDLEY,2:01.86,121.86
2016,S,SCM,F,1,400,MEDLEY,4:19.46,259.46
2016,S,SCM,F,1,100,MEDLEY,56.67,56.67
2016,S,SCM,F,4,50,FREE,1:34.24,94.24
2016,S,SCM,F,4,100,FREE,3:26.53,206.53
2016,S,SCM,F,4,200,FREE,7:32.85,452.85
2016,S,SCM,F,4,50,MEDLEY,1:44.04,104.04
2016,S,SCM,F,4,100,MEDLEY,3:45.20,225.2
2017,S,LCM,M,1,50,FREE,20.91,20.91
2017,S,LCM,M,1,100,FREE,46.91,46.91
2017,S,LCM,M,1,200,FREE,1:42.00,102
2017,S,LCM,M,1,400,FREE,3:40.07,220.07
2017,S,LCM,M,1,800,FREE,7:32.12,452.12
2017,S,LCM,M,1,1500,FREE,14:31.02,871.02
2017,S,LCM,M,1,50,BACK,24.04,24.04
2017,S,LCM,M,1,100,BACK,51.85,51.85
2017,S,LCM,M,1,200,BACK,1:51.92,111.92
2017,S,LCM,M,1,50,BREAST,26.42,26.42
2017,S,LCM,M,1,100,BREAST,57.13,57.13
2017,S,LCM,M,1,200,BREAST,2:07.01,127.01
2017,S,LCM,M,1,50,FLY,22.43,22.43
2017,S,LCM,M,1,100,FLY,49.82,49.82
2017,S,LCM,M,1,200,FLY,1:51.51,111.51
2017,S,LCM,M,1,200,MEDLEY,1:54.00,114
2017,S,LCM,M,1,400,MEDLEY,4:03.84,243.84
2017,S,LCM,M,4,100,FREE,3:08.24,188.24
2017,S,LCM,M,4,200,FREE,6:58.55,418.55
2017,S,LCM,M,4,100,MEDLEY,3:27.28,207.28
2017,S,LCM,M,4,50,FREE,1:24.85,84.85
2017,S,LCM,M,4,50,MEDLEY,1:33.43,93.43
2017,S,LCM,F,1,50,FREE,23.73,23.73
2017,S,LCM,F,1,100,FREE,52.06,52.06
2017,S,LCM,F,1,200,FREE,1:52.98,112.98
2017,S,LCM,F,1,400,FREE,3:56.46,236.46
2017,S,LCM,F,1,800,FREE,8:04.79,484.79
2017,S,LCM,F,1,1500,FREE,15:25.48,925.48
2017,S,LCM,F,1,50,BACK,27.06,27.06
2017,S,LCM,F,1,100,BACK,58.12,58.12
2017,S,LCM,F,1,200,BACK,2:04.06,124.06
2017,S,LCM,F,1,50,BREAST,29.48,29.48
2017,S,LCM,F,1,100,BREAST,1:04.35,64.35
2017,S,LCM,F,1,200,BREAST,2:19.11,139.11
2017,S,LCM,F,1,50,FLY,24.43,24.43
2017,S,LCM,F,1,100,FLY,55.48,55.48
2017,S,LCM,F,1,200,FLY,2:01.81,121.81
2017,S,LCM,F,1,200,MEDLEY,2:06.12,126.12
2017,S,LCM,F,1,400,MEDLEY,4:26.36,266.36
2017,S,LCM,F,4,100,FREE,3:30.65,210.65
2017,S,LCM,F,4,200,FREE,7:42.08,462.08
2017,S,LCM,F,4,100,MEDLEY,3:52.05,232.05
2017,S,LCM,F,4,50,FREE,1:36.53,96.53
2017,S,LCM,F,4,50,MEDLEY,1:46.33,106.33
2017,S,SCM,M,1,50,FREE,20.26,20.26
2017,S,SCM,M,1,100,FREE,44.94,44.94
2017,S,SCM,M,1,200,FREE,1:39.37,99.37
2017,S,SCM,M,1,400,FREE,3:32.25,212.25
2017,S,SCM,M,1,800,FREE,7:23.42,443.42
2017,S,SCM,M,1,1500,FREE,14:08.06,848.06
2017,S,SCM,M,1,50,BACK,22.22,22.22
2017,S,SCM,M,1,100,BACK,48.92,48.92
2017,S,SCM,M,1,200,BACK,1:45.63,105.63
2017,S,SCM,M,1,50,BREAST,25.25,25.25
2017,S,SCM,M,1,100,BREAST,55.61,55.61
2017,S,SCM,M,1,200,BREAST,2:00.44,120.44
2017,S,SCM,M,1,50,FLY,21.80,21.8
2017,S,SCM,M,1,100,FLY,48.08,48.08
2017,S,SCM,M,1,200,FLY,1:48.56,108.56
2017,S,SCM,M,1,200,MEDLEY,1:49.63,109.63
2017,S,SCM,M,1,400,MEDLEY,3:55.50,235.5
2017,S,SCM,M,1,100,MEDLEY,50.30,50.3
2017,S,SCM,M,4,50,FREE,1:22.60,82.6
2017,S,SCM,M,4,100,FREE,3:03.30,183.3
2017,S,SCM,M,4,200,FREE,6:49.04,409.04
2017,S,SCM,M,4,50,MEDLEY,1:30.51,90.51
2017,S,SCM,M,4,100,MEDLEY,3:19.16,199.16
2017,S,SCM,F,1,50,FREE,23.24,23.24
2017,S,SCM,F,1,100,FREE,50.91,50.91
2017,S,SCM,F,1,200,FREE,1:50.78,110.78
2017,S,SCM,F,1,400,FREE,3:54.52,234.52
2017,S,SCM,F,1,800,FREE,7:59.34,479.34
2017,S,SCM,F,1,1500,FREE,15:19.71,919.71
2017,S,SCM,F,1,50,BACK,25.67,25.67
2017,S,SCM,F,1,100,BACK,55.03,55.03
2017,S,SCM,F,1,200,BACK,1:59.23,119.23
2017,S,SCM,F,1,50,BREAST,28.64,28.64
2017,S,SCM,F,1,100,BREAST,1:02.36,62.36
2017,S,SCM,F,1,200,BREAST,2:14.57,134.57
2017,S,SCM,F,1,50,FLY,24.38,24.38
2017,S,SCM,F,1,100,FLY,54.61,54.61
2017,S,SCM,F,1,200,FLY,1:59.61,119.61
2017,S,SCM,F,1,200,MEDLEY,2:01.86,121.86
2017,S,SCM,F,1,400,MEDLEY,4:19.46,259.46
2017,S,SCM,F,1,100,MEDLEY,56.67,56.67
2017,S,SCM,F,4,50,FREE,1:34.24,94.24
2017,S,SCM,F,4,100,FREE,3:26.53,206.53
2017,S,SCM,F,4,200,FREE,7:32.85,452.85
2017,S,SCM,F,4,50,MEDLEY,1:43.27,103.27
2017,S,SCM,F,4,100,MEDLEY,3:45.20,225.2
2017,S,SCM,X,4,50,FREE,1:28.57,88.57
2017,S,SCM,X,4,50,MEDLEY,1:37.17,97.17
2018,S,LCM,M,1,50,FREE,20.91,20.91
2018,S,LCM,M,1,100,FREE,46.91,46.91
2018,S,LCM,M,1,200,FREE,1:42.00,102
2018,S,LCM,M,1,400,FREE,3:40.07,220.07
2018,S,LCM,M,1,800,FREE,7:32.12,452.12
2018,S,LCM,M,1,1500,FREE,14:31.02,871.02
2018,S,LCM,M,1,50,BACK,24.04,24.04
2018,S,LCM,M,1,100,BACK,51.85,51.85
2018,S,LCM,M,1,200,BACK,1:51.92,111.92
2018,S,LCM,M,1,50,BREAST,25.95,25.95
2018,S,LCM,M,1,100,BREAST,57.13,57.13
2018,S,LCM,M,1,200,BREAST,2:06.67,126.67
2018,S,LCM,M,1,50,FLY,22.43,22.43
2018,S,LCM,M,1,100,FLY,49.82,49.82
2018,S,LCM,M,1,200,FLY,1:51.51,111.51
2018,S,LCM,M,1,200,MEDLEY,1:54.00,114
2018,S,LCM,M,1,400,MEDLEY,4:03.84,243.84
2018,S,LCM,M,4,100,FREE,3:08.24,188.24
2018,S,LCM,M,4,200,FREE,6:58.55,418.55
2018,S,LCM,M,4,100,MEDLEY,3:27.28,207.28
2018,S,LCM,M,4,50,FREE,1:24.85,84.85
2018,S,LCM,M,4,50,MEDLEY,1:33.43,93.43
2018,S,LCM,F,1,50,FREE,23.67,23.67
2018,S,LCM,F,1,100,FREE,51.71,51.71
2018,S,LCM,F,1,200,FREE,1:52.98,112.98
2018,S,LCM,F,1,400,FREE,3:56.46,236.46
2018,S,LCM,F,1,800,FREE,8:04.79,484.79
2018,S,LCM,F,1,1500,FREE,15:25.48,925.48
2018,S,LCM,F,1,50,BACK,27.06,27.06
2018,S,LCM,F,1,100,BACK,58.10,58.1
2018,S,LCM,F,1,200,BACK,2:04.06,124.06
2018,S,LCM,F,1,50,BREAST,29.40,29.4
2018,S,LCM,F,1,100,BREAST,1:04.13,64.13
2018,S,LCM,F,1,200,BREAST,2:19.11,139.11
2018,S,LCM,F,1,50,FLY,24.43,24.43
2018,S,LCM,F,1,100,FLY,55.48,55.48
2018,S,LCM,F,1,200,FLY,2:01.81,121.81
2018,S,LCM,F,1,200,MEDLEY,2:06.12,126.12
2018,S,LCM,F,1,400,MEDLEY,4:26.36,266.36
2018,S,LCM,F,4,100,FREE,3:30.65,210.65
2018,S,LCM,F,4,200,FREE,7:42.08,462.08
2018,S,LCM,F,4,100,MEDLEY,3:51.55,231.55
2018,S,LCM,F,4,50,FREE,1:36.61,96.61
2018,S,LCM,F,4,50,MEDLEY,1:46.19,106.19
2018,S,LCM,X,4,100,FREE,3:19.60,199.6
2018,S,LCM,X,4,100,MEDLEY,3:38.56,218.56
2019,S,SCM,M,1,50,FREE,20.26,20.26
2019,S,SCM,M,1,100,FREE,44.94,44.94
2019,S,SCM,M,1,200,FREE,1:39.37,99.37
2019,S,SCM,M,1,400,FREE,3:32.25,212.25
2019,S,SCM,M,1,800,FREE,7:23.42,443.42
2019,S,SCM,M,1,1500,FREE,14:08.06,848.06
2019,S,SCM,M,1,50,BACK,22.22,22.22
2019,S,SCM,M,1,100,BACK,48.88,48.88
2019,S,SCM,M,1,200,BACK,1:45.63,105.63
2019,S,SCM,M,1,50,BREAST,25.25,25.25
2019,S,SCM,M,1,100,BREAST,55.61,55.61
2019,S,SCM,M,1,200,BREAST,2:00.16,120.16
2019,S,SCM,M,1,50,FLY,21.75,21.75
2019,S,SCM,M,1,100,FLY,48.08,48.08
2019,S,SCM,M,1,200,FLY,1:48.24,108.24
2019,S,SCM,M,1,200,MEDLEY,1:49.63,109.63
2019,S,SCM,M,1,400,MEDLEY,3:55.50,235.5
2019,S,SCM,M,1,100,MEDLEY,50.26,50.26
2019,S,SCM,M,4,50,FREE,1:21.80,81.8
2019,S,SCM,M,4,100,FREE,3:03.30,183.3
2019,S,SCM,M,4,200,FREE,6:46.81,406.81
2019,S,SCM,M,4,50,MEDLEY,1:30.44,90.44
2019,S,SCM,M,4,100,MEDLEY,3:19.16,199.16
2019,S,SCM,M,10,50,FREE,3:56.72,236.72
2019,S,SCM,F,1,50,FREE,22.93,22.93
2019,S,SCM,F,1,100,FREE,50.25,50.25
2019,S,SCM,F,1,200,FREE,1:50.34,110.43
2019,S,SCM,F,1,400,FREE,3:53.92,233.92
2019,S,SCM,F,1,800,FREE,7:59.34,479.34
2019,S,SCM,F,1,1500,FREE,15:19.71,919.71
2019,S,SCM,F,1,50,BACK,25.67,25.67
2019,S,SCM,F,1,100,BACK,55.03,55.03
2019,S,SCM,F,1,200,BACK,1:59.23,119.23
2019,S,SCM,F,1,50,BREAST,28.56,28.56
2019,S,SCM,F,1,100,BREAST,1:02.36,62.36
2019,S,SCM,F,1,200,BREAST,2:14.57,134.57
2019,S,SCM,F,1,50,FLY,24.38,24.38
2019,S,SCM,F,1,100,FLY,54.61,54.61
2019,S,SCM,F,1,200,FLY,1:59.61,119.61
2019,S,SCM,F,1,200,MEDLEY,2:01.86,121.86
2019,S,SCM,F,1,400,MEDLEY,4:18.94,258.94
2019,S,SCM,F,1,100,MEDLEY,56.51,56.51
2019,S,SCM,F,4,50,FREE,1:33.91,93.91
2019,S,SCM,F,4,100,FREE,3:26.53,206.53
2019,S,SCM,F,4,200,FREE,7:32.85,452.85
2019,S,SCM,F,4,50,MEDLEY,1:43.38,102.38
2019,S,SCM,F,4,100,MEDLEY,3:45.20,225.2
2019,S,SCM,F,10,50,FREE,4:23.95,263.95
2019,S,SCM,X,4,50,FREE,1:26.38,86.38
2019,S,SCM,X,4,50,MEDLEY,1:35.51,95.51
2019,S,LCM,M,1,50,FREE,20.91,20.91
2019,S,LCM,M,1,100,FREE,46.91,46.91
2019,S,LCM,M,1,200,FREE,1:42.00,102
2019,S,LCM,M,1,400,FREE,3:40.07,220.07
2019,S,LCM,M,1,800,FREE,7:32.12,452.12
2019,S,LCM,M,1,1500,FREE,14:31.02,871.02
2019,S,LCM,M,1,50,BACK,24.04,24.04
2019,S,LCM,M,1,100,BACK,51.85,51.85
2019,S,LCM,M,1,200,BACK,1:51.92,111.92
2019,S,LCM,M,1,50,BREAST,25.95,25.95
2019,S,LCM,M,1,100,BREAST,57.13,57.13
2019,S,LCM,M,1,200,BREAST,2:06.67,126.67
2019,S,LCM,M,1,50,FLY,22.43,22.43
2019,S,LCM,M,1,100,FLY,49.82,49.82
2019,S,LCM,M,1,200,FLY,1:51.51,111.51
2019,S,LCM,M,1,200,MEDLEY,1:54.00,114
2019,S,LCM,M,1,400,MEDLEY,4:03.84,243.84
2019,S,LCM,M,4,100,FREE,3:08.24,188.24
2019,S,LCM,M,4,200,FREE,6:58.55,418.55
2019,S,LCM,M,4,100,MEDLEY,3:27.28,207.28
2019,S,LCM,M,4,50,FREE,1:24.85,84.85
2019,S,LCM,M,4,50,MEDLEY,1:33.43,93.43
2019,S,LCM,F,1,50,FREE,23.67,23.67
2019,S,LCM,F,1,100,FREE,51.71,51.71
2019,S,LCM,F,1,200,FREE,1:52.98,112.98
2019,S,LCM,F,1,400,FREE,3:56.46,236.46
2019,S,LCM,F,1,800,FREE,8:04.79,484.79
2019,S,LCM,F,1,1500,FREE,15:25.48,925.48
2019,S,LCM,F,1,50,BACK,27.06,27.06
2019,S,LCM,F,1,100,BACK,58.10,58.1
2019,S,LCM,F,1,200,BACK,2:04.06,124.06
2019,S,LCM,F,1,50,BREAST,29.40,29.4
2019,S,LCM,F,1,100,BREAST,1:04.13,64.13
2019,S,LCM,F,1,200,BREAST,2:19.11,139.11
2019,S,LCM,F,1,50,FLY,24.43,24.43
2019,S,LCM,F,1,100,FLY,55.48,55.48
2019,S,LCM,F,1,200,FLY,2:01.81,121.81
2019,S,LCM,F,1,200,MEDLEY,2:06.12,126.12
2019,S,LCM,F,1,400,MEDLEY,4:26.36,266.36
2019,S,LCM,F,4,100,FREE,3:30.65,210.65
2019,S,LCM,F,4,200,FREE,7:42.08,462.08
2019,S,LCM,F,4,100,MEDLEY,3:51.55,231.55
2019,S,LCM,F,4,50,FREE,1:36.61,96.61
2019,S,LCM,F,4,50,MEDLEY,1:46.19,106.19
2019,S,LCM,X,4,100,FREE,3:19.60,199.6
2019,S,LCM,X,4,100,MEDLEY,3:38.56,218.56
2020,S,LCM,M,1,50,FREE,20.91,20.91
2020,S,LCM,M,1,100,FREE,46.91,46.91
2020,S,LCM,M,1,200,FREE,1:42.00,102
2020,S,LCM,M,1,400,FREE,3:40.07,220.07
2020,S,LCM,M,1,800,FREE,7:32.12,452.12
2020,S,LCM,M,1,1500,FREE,14:31.02,871.02
2020,S,LCM,M,1,50,BACK,24.00,24
2020,S,LCM,M,1,100,BACK,51.85,51.85
2020,S,LCM,M,1,200,BACK,1:51.92,111.92
2020,S,LCM,M,1,50,BREAST,25.95,25.95
2020,S,LCM,M,1,100,BREAST,56.88,56.88
2020,S,LCM,M,1,200,BREAST,2:06.67,126.67
2020,S,LCM,M,1,50,FLY,22.27,22.27
2020,S,LCM,M,1,100,FLY,49.50,49.5
2020,S,LCM,M,1,200,FLY,1:50.73,110.73
2020,S,LCM,M,1,200,MEDLEY,1:54.00,114
2020,S,LCM,M,1,400,MEDLEY,4:03.84,243.84
2020,S,LCM,M,4,100,FREE,3:08.24,188.24
2020,S,LCM,M,4,200,FREE,6:58.55,418.55
2020,S,LCM,M,4,100,MEDLEY,3:27.28,207.28
2020,S,LCM,M,4,50,FREE,1:24.85,84.85
2020,S,LCM,M,4,50,MEDLEY,1:33.43,93.43
2020,S,LCM,F,1,50,FREE,23.67,23.67
2020,S,LCM,F,1,100,FREE,51.71,51.71
2020,S,LCM,F,1,200,FREE,1:52.98,112.98
2020,S,LCM,F,1,400,FREE,3:56.46,236.46
2020,S,LCM,F,1,800,FREE,8:04.79,484.79
2020,S,LCM,F,1,1500,FREE,15:20.48,920.48
2020,S,LCM,F,1,50,BACK,26.98,26.98
2020,S,LCM,F,1,100,BACK,57.57,57.57
2020,S,LCM,F,1,200,BACK,2:03.35,123.35
2020,S,LCM,F,1,50,BREAST,29.40,29.4
2020,S,LCM,F,1,100,BREAST,1:04.13,64.13
2020,S,LCM,F,1,200,BREAST,2:19.11,139.11
2020,S,LCM,F,1,50,FLY,24.43,24.43
2020,S,LCM,F,1,100,FLY,55.48,55.48
2020,S,LCM,F,1,200,FLY,2:01.81,121.81
2020,S,LCM,F,1,200,MEDLEY,2:06.12,126.12
2020,S,LCM,F,1,400,MEDLEY,4:26.36,266.36
2020,S,LCM,F,4,100,FREE,3:30.05,210.05
2020,S,LCM,F,4,200,FREE,7:41.50,461.5
2020,S,LCM,F,4,100,MEDLEY,3:50.40,230.4
2020,S,LCM,F,4,50,FREE,1:36.61,96.61
2020,S,LCM,F,4,50,MEDLEY,1:46.19,106.19
2020,S,LCM,X,4,100,FREE,3:19.60,199.6
2020,S,LCM,X,4,100,MEDLEY,3:38.56,218.56
2018,S,SCM,M,1,50,FREE,20.26,20.26
2018,S,SCM,M,1,100,FREE,44.94,44.94
2018,S,SCM,M,1,200,FREE,1:39.37,99.37
2018,S,SCM,M,1,400,FREE,3:32.25,212.25
2018,S,SCM,M,1,800,FREE,7:23.42,443.42
2018,S,SCM,M,1,1500,FREE,14:08.06,848.06
2018,S,SCM,M,1,50,BACK,22.22,22.22
2018,S,SCM,M,1,100,BACK,48.92,48.92
2018,S,SCM,M,1,200,BACK,1:45.63,105.63
2018,S,SCM,M,1,50,BREAST,25.25,25.25
2018,S,SCM,M,1,100,BREAST,55.61,55.61
2018,S,SCM,M,1,200,BREAST,2:00.44,120.44
2018,S,SCM,M,1,50,FLY,21.80,21.8
2018,S,SCM,M,1,100,FLY,48.08,48.08
2018,S,SCM,M,1,200,FLY,1:48.56,108.56
2018,S,SCM,M,1,200,MEDLEY,1:49.63,109.63
2018,S,SCM,M,1,400,MEDLEY,3:55.50,235.5
2018,S,SCM,M,1,100,MEDLEY,50.30,50.3
2018,S,SCM,M,4,50,FREE,1:22.60,82.6
2018,S,SCM,M,4,100,FREE,3:03.30,183.3
2018,S,SCM,M,4,200,FREE,6:49.04,409.04
2018,S,SCM,M,4,50,MEDLEY,1:30.51,90.51
2018,S,SCM,M,4,100,MEDLEY,3:19.16,199.16
2018,S,SCM,F,1,50,FREE,23.24,23.24
2018,S,SCM,F,1,100,FREE,50.91,50.91
2018,S,SCM,F,1,200,FREE,1:50.78,110.78
2018,S,SCM,F,1,400,FREE,3:54.52,234.52
2018,S,SCM,F,1,800,FREE,7:59.34,479.34
2018,S,SCM,F,1,1500,FREE,15:19.71,919.71
2018,S,SCM,F,1,50,BACK,25.67,25.67
2018,S,SCM,F,1,100,BACK,55.03,55.03
2018,S,SCM,F,1,200,BACK,1:59.23,119.23
2018,S,SCM,F,1,50,BREAST,28.64,28.64
2018,S,SCM,F,1,100,BREAST,1:02.36,62.36
2018,S,SCM,F,1,200,BREAST,2:14.57,134.57
2018,S,SCM,F,1,50,FLY,24.38,24.38
2018,S,SCM,F,1,100,FLY,54.61,54.61
2018,S,SCM,F,1,200,FLY,1:59.61,119.61
2018,S,SCM,F,1,200,MEDLEY,2:01.86,121.86
2018,S,SCM,F,1,400,MEDLEY,4:19.46,259.46
2018,S,SCM,F,1,100,MEDLEY,56.67,56.67
2018,S,SCM,F,4,50,FREE,1:34.24,94.24
2018,S,SCM,F,4,100,FREE,3:26.53,206.53
2018,S,SCM,F,4,200,FREE,7:32.85,452.85
2018,S,SCM,F,4,50,MEDLEY,1:43.27,103.27
2018,S,SCM,F,4,100,MEDLEY,3:45.20,225.2
2018,S,SCM,X,4,50,FREE,1:28.57,88.57
2018,S,SCM,X,4,50,MEDLEY,1:37.17,97.17
2020,S,SCM,M,1,50,FREE,20.26,20.26
2020,S,SCM,M,1,100,FREE,44.94,44.94
2020,S,SCM,M,1,200,FREE,1:39.37,99.37
2020,S,SCM,M,1,400,FREE,3:32.25,212.25
2020,S,SCM,M,1,800,FREE,7:23.42,443.42
2020,S,SCM,M,1,1500,FREE,14:08.06,848.06
2020,S,SCM,M,1,50,BACK,22.22,22.22
2020,S,SCM,M,1,100,BACK,48.88,48.88
2020,S,SCM,M,1,200,BACK,1:45.63,105.63
2020,S,SCM,M,1,50,BREAST,25.25,25.25
2020,S,SCM,M,1,100,BREAST,55.61,55.61
2020,S,SCM,M,1,200,BREAST,2:00.16,120.16
2020,S,SCM,M,1,50,FLY,21.75,21.75
2020,S,SCM,M,1,100,FLY,48.08,48.08
2020,S,SCM,M,1,200,FLY,1:48.24,108.24
2020,S,SCM,M,1,200,MEDLEY,1:49.63,109.63
2020,S,SCM,M,1,400,MEDLEY,3:55.50,235.5
2020,S,SCM,M,1,100,MEDLEY,50.26,50.26
2020,S,SCM,M,4,50,FREE,1:21.80,81.8
2020,S,SCM,M,4,100,FREE,3:03.30,183.3
2020,S,SCM,M,4,200,FREE,6:46.81,406.81
2020,S,SCM,M,4,50,MEDLEY,1:30.44,90.44
2020,S,SCM,M,4,100,MEDLEY,3:19.16,199.16
2020,S,SCM,M,10,50,FREE,3:56.72,236.72
2020,S,SCM,F,1,50,FREE,22.93,22.93
2020,S,SCM,F,1,100,FREE,50.25,50.25
2020,S,SCM,F,1,200,FREE,1:50.34,110.43
2020,S,SCM,F,1,400,FREE,3:53.92,233.92
2020,S,SCM,F,1,800,FREE,7:59.34,479.34
2020,S,SCM,F,1,1500,FREE,15:19.71,919.71
2020,S,SCM,F,1,50,BACK,25.67,25.67
2020,S,SCM,F,1,100,BACK,55.03,55.03
2020,S,SCM,F,1,200,BACK,1:59.23,119.23
2020,S,SCM,F,1,50,BREAST,28.56,28.56
2020,S,SCM,F,1,100,BREAST,1:02.36,62.36
2020,S,SCM,F,1,200,BREAST,2:14.57,134.57
2020,S,SCM,F,1,50,FLY,24.38,24.38
2020,S,SCM,F,1,100,FLY,54.61,54.61
2020,S,SCM,F,1,200,FLY,1:59.61,119.61
2020,S,SCM,F,1,200,MEDLEY,2:01.86,121.86
2020,S,SCM,F,1,400,MEDLEY,4:18.94,258.94
2020,S,SCM,F,1,100,MEDLEY,56.51,56.51
2020,S,SCM,F,4,50,FREE,1:33.91,93.91
2020,S,SCM,F,4,100,FREE,3:26.53,206.53
2020,S,SCM,F,4,200,FREE,7:32.85,452.85
2020,S,SCM,F,4,50,MEDLEY,1:43.38,102.38
2020,S,SCM,F,4,100,MEDLEY,3:45.20,225.2
2020,S,SCM,F,10,50,FREE,4:23.95,263.95
2020,S,SCM,X,4,50,FREE,1:26.38,86.38
2020,S,SCM,X,4,50,MEDLEY,1:35.51,95.51
2020,Y,SCM,M,1,50,FREE,22.11,22.11
2020,Y,SCM,M,1,100,FREE,48.36,48.36
2020,Y,SCM,M,1,200,FREE,1:46.69,106.69
2020,Y,SCM,M,1,400,FREE,3:48.26,228.26
2020,Y,SCM,M,1,800,FREE,7:54.99,474.99
2020,Y,SCM,M,1,1500,FREE,15:09.81,909.81
2020,Y,SCM,M,1,50,BACK,25.18,25.18
2020,Y,SCM,M,1,100,BACK,54.3,54.3
2020,Y,SCM,M,1,200,BACK,1:59.02,119.02
2020,Y,SCM,M,1,50,BREAST,27.55,27.55
2020,Y,SCM,M,1,100,BREAST,1:00.68,60.68
2020,Y,SCM,M,1,200,BREAST,2:11.49,131.49
2020,Y,SCM,M,1,50,FLY,23.45,23.45
2020,Y,SCM,M,1,100,FLY,52.35,52.35
2020,Y,SCM,M,1,200,FLY,1:57.86,117.86
2020,Y,SCM,M,1,200,MEDLEY,2:00.00,120
2020,Y,SCM,M,1,400,MEDLEY,4:19.86,259.86
2020,Y,SCM,M,1,100,MEDLEY,55.01,55.01
2020,Y,SCM,F,1,50,FREE,25.12,25.12
2020,Y,SCM,F,1,100,FREE,54.52,54.52
2020,Y,SCM,F,1,200,FREE,01:58.57,118.57
2020,Y,SCM,F,1,400,FREE,04:11.57,251.57
2020,Y,SCM,F,1,800,FREE,08:39.27,519.27
2020,Y,SCM,F,1,1500,FREE,16:32.61,992.61
2020,Y,SCM,F,1,50,BACK,"28,22",28.22
2020,Y,SCM,F,1,100,BACK,01:01.28,61.28
2020,Y,SCM,F,1,200,BACK,02:11.19,131.19
2020,Y,SCM,F,1,50,BREAST,31.02,31.02
2020,Y,SCM,F,1,100,BREAST,01:08.18,68.18
2020,Y,SCM,F,1,200,BREAST,02:26.24,146.24
2020,Y,SCM,F,1,50,FLY,26.58,26.58
2020,Y,SCM,F,1,100,FLY,59.37,59.37
2020,Y,SCM,F,1,200,FLY,02:11.73,131.73
2020,Y,SCM,F,1,200,MEDLEY,02:13.76,133.76
2020,Y,SCM,F,1,400,MEDLEY,04:44.36,284.36
2020,Y,SCM,F,1,100,MEDLEY,01:02.03,62.03
